route,segment,ok,why,duration_s,km,km_long,long_pct,v_med_kmh,lead_pct,radar_pct,n_standstill,n_gas,n_brake,fingerprint,vf_late_brake_patch,aego_corr,aego_slope,aego_std,a_true_std,a_noise,imu_axis,imu_corr
data,segment_0,True,ok,57.9,0.175,0.047,13.1,10.3,12.4,50.7,0,0,2,VINFAST_VF6,False,0.939,3.54,0.0778,0.2936,0.1281,1/-1,0.08
data,segment_1,True,ok,60.0,0.199,0.194,95.0,11.1,62.3,31.6,0,0,0,VINFAST_VF6,False,0.98,3.86,0.1578,0.622,0.1776,2/-1,0.857
data,segment_2,True,ok,60.0,0.267,0.218,76.1,16.9,42.7,11.9,1,0,2,VINFAST_VF6,False,0.984,3.87,0.1483,0.5838,0.0533,2/-1,0.929
data,segment_3,True,ok,60.0,0.463,0.463,100.0,28.0,98.2,40.7,0,0,0,VINFAST_VF6,False,0.986,3.93,0.0895,0.3568,0.0621,2/-1,0.849
data,segment_4,True,ok,60.0,0.207,0.207,100.0,5.1,99.9,67.9,2,0,0,VINFAST_VF6,False,0.982,3.89,0.0697,0.2755,0.0239,2/-1,0.859
data,segment_5,True,ok,60.0,0.104,0.104,97.7,2.9,99.8,87.0,1,0,0,VINFAST_VF6,False,0.987,3.93,0.1101,0.438,0.0569,2/-1,0.945
data,segment_6,True,ok,60.0,0.007,0.007,96.9,0.0,100.0,60.6,4,0,0,VINFAST_VF6,False,0.933,3.47,0.0428,0.1592,0.0691,2/-1,0.779
data,segment_7,True,ok,60.0,0.101,0.098,93.2,6.0,99.8,69.7,3,0,0,VINFAST_VF6,False,0.977,3.8,0.0979,0.381,0.0716,2/-1,0.914
data,segment_8,True,ok,60.0,0.453,0.453,100.0,28.9,99.0,57.7,0,0,0,VINFAST_VF6,False,0.965,3.78,0.0733,0.2868,0.0636,2/-1,0.656
data,segment_9,True,ok,60.0,0.632,0.629,99.0,38.0,52.6,34.2,0,0,0,VINFAST_VF6,False,0.979,3.89,0.1423,0.5651,0.074,2/-1,0.789
data,segment_10,True,ok,60.0,0.335,0.334,99.5,24.5,71.0,51.1,1,0,0,VINFAST_VF6,False,0.99,3.96,0.1722,0.6889,0.0492,2/-1,0.92
data,segment_11,True,ok,60.0,0.692,0.692,100.0,42.4,96.7,37.0,0,0,0,VINFAST_VF6,False,0.884,3.36,0.0435,0.1653,0.0667,2/-1,0.312
data,segment_12,True,ok,60.0,0.397,0.397,100.0,33.5,99.1,75.4,1,0,0,VINFAST_VF6,False,0.98,3.89,0.0743,0.2947,0.0379,2/-1,0.799
data,segment_13,True,ok,60.0,0.366,0.366,100.0,24.2,99.4,65.0,0,0,0,VINFAST_VF6,False,0.975,3.83,0.0736,0.2894,0.0527,2/-1,0.793
data,segment_14,True,ok,60.0,0.491,0.458,84.4,35.4,89.1,56.7,0,0,1,VINFAST_VF6,False,0.965,3.79,0.0849,0.3334,0.0772,2/-1,0.672
data,segment_15,True,ok,60.0,0.365,0.362,98.6,21.7,71.7,54.4,0,0,0,VINFAST_VF6,False,0.953,3.64,0.0564,0.2153,0.0494,2/-1,0.633
data,segment_16,True,ok,60.0,0.337,0.337,100.0,22.4,57.5,53.8,0,0,0,VINFAST_VF6,False,0.976,3.83,0.0753,0.2957,0.0585,2/-1,0.776
data,segment_17,True,ok,60.0,0.333,0.333,100.0,22.1,28.7,0.9,0,0,0,VINFAST_VF6,False,0.946,3.59,0.0524,0.1993,0.057,2/-1,0.522
data,segment_18,True,ok,60.0,0.33,0.33,100.0,21.3,57.5,44.5,0,0,0,VINFAST_VF6,False,0.936,3.55,0.0438,0.1661,0.0487,2/-1,0.608
data,segment_19,True,ok,60.0,0.371,0.371,100.0,22.7,41.0,79.9,0,0,0,VINFAST_VF6,False,0.929,3.51,0.0306,0.1159,0.0567,2/-1,0.41
data,segment_20,True,ok,60.0,0.317,0.317,100.0,19.3,38.5,43.7,0,0,0,VINFAST_VF6,False,0.952,3.63,0.0649,0.2472,0.0586,2/-1,0.66
data,segment_21,True,ok,60.0,0.356,0.356,100.0,21.7,21.8,27.6,0,0,0,VINFAST_VF6,False,0.904,3.25,0.0398,0.1432,0.0598,2/-1,0.381
data,segment_22,True,ok,60.0,0.401,0.156,42.8,23.1,91.4,38.3,0,0,2,VINFAST_VF6,False,0.963,3.7,0.0754,0.2899,0.0621,2/-1,0.765
data,segment_23,True,ok,60.0,0.35,0.328,94.1,22.8,56.0,29.9,0,0,0,VINFAST_VF6,False,0.977,3.83,0.1144,0.4487,0.0945,2/-1,0.751
data,segment_24,True,ok,60.0,0.403,0.352,83.9,25.0,78.5,37.0,0,0,2,VINFAST_VF6,False,0.977,3.84,0.1142,0.4489,0.0557,2/-1,0.864
data,segment_25,True,ok,60.0,0.482,0.482,100.0,31.6,7.0,53.6,0,0,0,VINFAST_VF6,False,0.995,4.0,0.1784,0.7177,0.0599,2/-1,0.953
data,segment_26,True,ok,60.0,0.417,0.342,47.6,35.2,5.2,76.2,1,0,1,VINFAST_VF6,False,0.993,3.97,0.1471,0.5879,0.0263,2/-1,0.958
data,segment_27,True,ok,60.0,0.144,0.071,9.9,0.0,51.4,48.9,0,0,0,VINFAST_VF6,False,0.989,3.95,0.0963,0.3852,0.004,2/-1,0.95
data,segment_28,True,ok,60.0,0.84,0.84,100.0,48.5,43.2,51.0,0,0,0,VINFAST_VF6,False,0.945,3.72,0.0638,0.2509,0.0505,2/-1,0.53
data,segment_29,True,ok,60.0,0.074,0.047,6.9,0.0,13.1,49.0,1,0,1,VINFAST_VF6,False,0.997,4.01,0.1583,0.637,0.0034,2/-1,0.988
data,segment_30,True,ok,60.0,0.0,0.0,0.0,0.0,2.7,0.0,0,0,0,VINFAST_VF6,False,,,0.0,0.0,0.0,,-9.0
data,segment_31,True,ok,60.0,0.196,0.19,37.7,0.0,41.6,64.3,0,0,0,VINFAST_VF6,False,0.988,3.94,0.0873,0.3485,0.0103,2/-1,0.941
data,segment_32,True,ok,60.0,0.347,0.109,15.6,11.2,47.1,5.5,4,0,3,VINFAST_VF6,False,0.995,3.99,0.2304,0.924,0.0882,2/-1,0.978
data,segment_33,True,ok,60.0,0.046,0.0,0.0,0.0,99.8,89.9,1,0,0,VINFAST_VF6,False,0.998,4.01,0.1288,0.5181,0.0034,2/-1,0.991
data,segment_34,True,ok,60.0,0.362,0.361,84.8,23.5,99.6,64.9,0,0,0,VINFAST_VF6,False,0.968,3.78,0.0547,0.2133,0.0239,2/-1,0.76
data,segment_35,True,ok,60.0,0.722,0.722,100.0,44.0,99.8,25.5,0,0,0,VINFAST_VF6,False,0.943,3.66,0.0683,0.2647,0.0612,2/-1,0.535
data,segment_36,True,ok,60.0,0.071,0.071,100.0,0.0,99.8,93.4,2,0,0,VINFAST_VF6,False,0.987,3.93,0.1007,0.4011,0.0102,2/-1,0.959
data,segment_37,True,ok,60.0,0.288,0.254,87.2,11.4,88.7,72.3,4,0,0,VINFAST_VF6,False,0.989,3.95,0.1472,0.5871,0.0748,2/-1,0.934
data,segment_38,True,ok,60.0,0.485,0.412,76.0,32.6,54.8,89.6,0,0,0,VINFAST_VF6,False,0.979,3.88,0.119,0.472,0.0717,2/-1,0.858
data,segment_39,True,ok,60.0,0.368,0.303,66.9,20.7,30.6,89.9,2,0,1,VINFAST_VF6,False,0.994,3.99,0.1797,0.7201,0.0313,2/-1,0.957
data,segment_40,True,ok,60.0,0.231,0.153,38.8,13.8,4.2,0.0,0,0,0,VINFAST_VF6,False,0.991,3.95,0.1366,0.545,0.0181,2/-1,0.95
data,segment_41,True,ok,60.0,0.489,0.415,73.1,33.3,78.4,41.8,0,0,1,VINFAST_VF6,False,0.938,3.7,0.0889,0.3512,0.111,2/-1,0.576
data,segment_42,True,ok,60.0,0.265,0.265,100.0,12.0,99.2,81.0,1,0,0,VINFAST_VF6,False,0.94,3.71,0.0737,0.2908,0.071,2/-1,0.463
data,segment_43,True,ok,60.0,0.087,0.045,78.4,0.0,99.9,82.9,0,0,2,VINFAST_VF6,False,0.986,3.91,0.0885,0.3505,0.0202,2/-1,0.952
data,segment_44,True,ok,60.0,0.663,0.642,94.1,41.3,71.9,36.7,0,0,0,VINFAST_VF6,False,0.954,3.69,0.0736,0.2844,0.0641,2/-1,0.639
data,segment_45,True,ok,60.0,0.236,0.19,66.3,9.9,96.8,58.7,1,0,1,VINFAST_VF6,False,0.981,3.85,0.1275,0.5001,0.0484,2/-1,0.887
data,segment_46,True,ok,60.0,0.275,0.258,76.6,20.2,36.6,61.7,1,0,2,VINFAST_VF6,False,0.98,3.84,0.1496,0.5869,0.1131,2/-1,0.944
data,segment_47,True,ok,60.0,0.072,0.067,89.8,3.9,100.0,43.1,1,0,1,VINFAST_VF6,False,0.97,3.75,0.0662,0.2561,0.0754,2/-1,0.918
data,segment_48,True,ok,60.0,0.116,0.0,0.0,3.1,72.7,86.6,1,0,2,VINFAST_VF6,False,0.994,3.98,0.0837,0.3346,0.0252,2/-1,0.965
data,segment_49,True,ok,60.0,0.159,0.054,24.7,10.6,85.4,45.2,1,0,1,VINFAST_VF6,False,0.903,3.31,0.0701,0.2571,0.0776,2/-1,0.466
data,segment_50,True,ok,60.0,0.07,0.0,0.0,0.7,81.5,78.3,4,0,5,VINFAST_VF6,False,0.957,3.79,0.0633,0.2504,0.0605,1/-1,0.215
data,segment_51,True,ok,46.6,0.0,0.0,0.0,0.0,100.0,100.0,0,0,0,?,False,,,0.0,0.0,0.0,,-9.0
